Cassio,cassinho@gmail.com
Luiza,luizinha@gmail.com
Geraldo,geraldinho@gmail.com
Lucas,lucas123@gmail.com
Luan,luanel@gmail.com
Douglas,doga10@gmail.com
Marcelo,marcelinho@gmail.com
Ramiro,ramiro158@gmail.com
Pedro,pedrorocha32@gmail.com
Everton,everton17@gmail.com